wav_file,dnsmos,wvmos,sigmos,nisqa,utmos_strong
example/input_wavs/5339_14133_000018_000001.wav,"{'OVRL_raw': 3.9913464, 'SIG_raw': 4.239239}",4.172705173492432,"{'MOS_COL': 3.8114800453186035, 'MOS_DISC': 4.392428874969482, 'MOS_LOUD': 3.655271530151367, 'MOS_NOISE': 4.303423881530762, 'MOS_REVERB': 4.446664810180664, 'MOS_SIG': 4.013896942138672, 'MOS_OVRL': 3.6370296478271484}","{'mos': 5.044941425323486, 'noi': 4.356528282165527, 'col': 4.539633274078369, 'dis': 4.671772003173828, 'loud': 4.577495098114014}",4.404565811157227
example/input_wavs/1743_142913_000005_000001.wav,"{'OVRL_raw': 3.9447308, 'SIG_raw': 4.1996584}",3.946129560470581,"{'MOS_COL': 3.9128308296203613, 'MOS_DISC': 4.4665961265563965, 'MOS_LOUD': 3.2452311515808105, 'MOS_NOISE': 4.677772521972656, 'MOS_REVERB': 4.511472225189209, 'MOS_SIG': 4.098738670349121, 'MOS_OVRL': 3.073996067047119}","{'mos': 4.894152641296387, 'noi': 4.503699779510498, 'col': 4.4881696701049805, 'dis': 4.6877570152282715, 'loud': 4.580652713775635}",4.354537963867188
