wav_file,dnsmos,wvmos,sigmos,nisqa,utmos_strong
example/input_wavs/5339_14133_000018_000001.wav,"{'OVRL_raw': 3.9913464, 'SIG_raw': 4.239239}",4.172705173492432,"{'MOS_COL': 3.8114800453186035, 'MOS_DISC': 4.392428874969482, 'MOS_LOUD': 3.655271530151367, 'MOS_NOISE': 4.303423881530762, 'MOS_REVERB': 4.446664810180664, 'MOS_SIG': 4.013896942138672, 'MOS_OVRL': 3.6370296478271484}","{'mos': 5.044941425323486, 'noi': 4.356528282165527, 'col': 4.539633274078369, 'dis': 4.671772003173828, 'loud': 4.577495098114014}",4.404565811157227
example/input_wavs/2092_145709_000002_000001.wav,"{'OVRL_raw': 2.2500057, 'SIG_raw': 2.4718995}",4.0081400871276855,"{'MOS_COL': 3.9231457710266113, 'MOS_DISC': 3.5426087379455566, 'MOS_LOUD': 3.8237905502319336, 'MOS_NOISE': 3.9076051712036133, 'MOS_REVERB': 4.3066205978393555, 'MOS_SIG': 3.6804935932159424, 'MOS_OVRL': 2.4399423599243164}","{'mos': 4.678396701812744, 'noi': 4.529720783233643, 'col': 4.218015193939209, 'dis': 4.458352088928223, 'loud': 4.422338008880615}",3.5836939811706543
example/input_wavs/1743_142913_000005_000001.wav,"{'OVRL_raw': 3.9447308, 'SIG_raw': 4.1996584}",3.946129560470581,"{'MOS_COL': 3.9128308296203613, 'MOS_DISC': 4.4665961265563965, 'MOS_LOUD': 3.2452311515808105, 'MOS_NOISE': 4.677772521972656, 'MOS_REVERB': 4.511472225189209, 'MOS_SIG': 4.098738670349121, 'MOS_OVRL': 3.073996067047119}","{'mos': 4.894152641296387, 'noi': 4.503699779510498, 'col': 4.4881696701049805, 'dis': 4.6877570152282715, 'loud': 4.580652713775635}",4.3545379638671875
example/input_wavs/7264_92314_000021_000001.wav,"{'OVRL_raw': 3.115579, 'SIG_raw': 3.4815896}",4.477527618408203,"{'MOS_COL': 3.3094804286956787, 'MOS_DISC': 4.212771415710449, 'MOS_LOUD': 3.5957727432250977, 'MOS_NOISE': 4.262285232543945, 'MOS_REVERB': 4.59879207611084, 'MOS_SIG': 3.73109769821167, 'MOS_OVRL': 2.6660895347595215}","{'mos': 5.03339958190918, 'noi': 4.451935291290283, 'col': 4.574929237365723, 'dis': 4.731466293334961, 'loud': 4.47465705871582}",4.242315769195557
